{"modality_0": {"mean": 190.884296875, "std": 454.464794921875}, "modality_1": {"mean": 300.4823309326172, "std": 688.5195678710937}, "modality_2": {"mean": 466.7469305419922, "std": 1087.758515625}, "modality_3": {"mean": 111.80194732666016, "std": 277.4670074462891}}