{"patient_0": {"modality_0": {"mean": 219.5218048095703, "std": 500.8275146484375}, "modality_1": {"mean": 396.98541259765625, "std": 858.2683715820312}, "modality_2": {"mean": 506.7276306152344, "std": 1123.6099853515625}, "modality_3": {"mean": 140.62454223632812, "std": 327.2798767089844}}, "patient_1": {"modality_0": {"mean": 174.0364990234375, "std": 413.3903503417969}, "modality_1": {"mean": 154.09747314453125, "std": 352.6530456542969}, "modality_2": {"mean": 473.74627685546875, "std": 1110.7972412109375}, "modality_3": {"mean": 100.40814971923828, "std": 276.2782897949219}}, "patient_2": {"modality_0": {"mean": 248.4497528076172, "std": 597.593017578125}, "modality_1": {"mean": 460.90081787109375, "std": 1067.8154296875}, "modality_2": {"mean": 603.7612915039062, "std": 1417.1033935546875}, "modality_3": {"mean": 145.22348022460938, "std": 347.18475341796875}}, "patient_3": {"modality_0": {"mean": 192.95431518554688, "std": 497.0460205078125}, "modality_1": {"mean": 377.0028381347656, "std": 938.8075561523438}, "modality_2": {"mean": 480.486083984375, "std": 1215.830078125}, "modality_3": {"mean": 119.2934799194336, "std": 326.1514892578125}}, "patient_4": {"modality_0": {"mean": 145.71617126464844, "std": 381.95880126953125}, "modality_1": {"mean": 338.87445068359375, "std": 841.3182983398438}, "modality_2": {"mean": 428.3133544921875, "std": 1069.8287353515625}, "modality_3": {"mean": 93.82676696777344, "std": 243.3787078857422}}, "patient_5": {"modality_0": {"mean": 146.20359802246094, "std": 314.02996826171875}, "modality_1": {"mean": 298.270751953125, "std": 632.7846069335938}, "modality_2": {"mean": 346.51995849609375, "std": 729.5694580078125}, "modality_3": {"mean": 110.78750610351562, "std": 249.46237182617188}}, "patient_6": {"modality_0": {"mean": 182.87222290039062, "std": 422.0901184082031}, "modality_1": {"mean": 476.71136474609375, "std": 1059.36083984375}, "modality_2": {"mean": 652.56005859375, "std": 1449.8031005859375}, "modality_3": {"mean": 112.16199493408203, "std": 270.143798828125}}, "patient_7": {"modality_0": {"mean": 183.27374267578125, "std": 454.69476318359375}, "modality_1": {"mean": 131.68919372558594, "std": 314.5101013183594}, "modality_2": {"mean": 380.49505615234375, "std": 979.4886474609375}, "modality_3": {"mean": 120.8313980102539, "std": 320.0439758300781}}, "patient_8": {"modality_0": {"mean": 178.68118286132812, "std": 443.6554260253906}, "modality_1": {"mean": 121.54206085205078, "std": 285.7905578613281}, "modality_2": {"mean": 355.9366149902344, "std": 863.957763671875}, "modality_3": {"mean": 83.18133544921875, "std": 223.58193969726562}}, "patient_9": {"modality_0": {"mean": 212.775390625, "std": 494.1792907714844}, "modality_1": {"mean": 361.6148681640625, "std": 806.1875}, "modality_2": {"mean": 418.1918640136719, "std": 935.5360107421875}, "modality_3": {"mean": 94.4124526977539, "std": 230.6446533203125}}, "patient_10": {"modality_0": {"mean": 134.1274871826172, "std": 334.2405090332031}, "modality_1": {"mean": 476.64959716796875, "std": 1114.8323974609375}, "modality_2": {"mean": 521.7467041015625, "std": 1238.1435546875}, "modality_3": {"mean": 106.8319320678711, "std": 267.32049560546875}}, "patient_11": {"modality_0": {"mean": 249.8313446044922, "std": 615.225830078125}, "modality_1": {"mean": 156.32174682617188, "std": 342.3193664550781}, "modality_2": {"mean": 519.9634399414062, "std": 1194.066650390625}, "modality_3": {"mean": 148.08831787109375, "std": 366.07135009765625}}, "patient_12": {"modality_0": {"mean": 177.97445678710938, "std": 445.2195739746094}, "modality_1": {"mean": 404.3321533203125, "std": 992.5232543945312}, "modality_2": {"mean": 535.2120971679688, "std": 1328.326904296875}, "modality_3": {"mean": 81.25434875488281, "std": 206.6138916015625}}, "patient_13": {"modality_0": {"mean": 231.9873046875, "std": 545.6019287109375}, "modality_1": {"mean": 190.3116912841797, "std": 443.394775390625}, "modality_2": {"mean": 232.04579162597656, "std": 555.9793701171875}, "modality_3": {"mean": 214.20472717285156, "std": 520.28515625}}, "patient_14": {"modality_0": {"mean": 204.1838836669922, "std": 468.619140625}, "modality_1": {"mean": 410.80609130859375, "std": 920.2501831054688}, "modality_2": {"mean": 573.6932983398438, "std": 1287.3631591796875}, "modality_3": {"mean": 85.48062133789062, "std": 198.8055877685547}}, "patient_15": {"modality_0": {"mean": 168.5377197265625, "std": 426.5423583984375}, "modality_1": {"mean": 337.64862060546875, "std": 823.075927734375}, "modality_2": {"mean": 444.269775390625, "std": 1092.78173828125}, "modality_3": {"mean": 100.0606918334961, "std": 262.25994873046875}}, "patient_16": {"modality_0": {"mean": 199.6822967529297, "std": 442.4046936035156}, "modality_1": {"mean": 464.34075927734375, "std": 961.4656982421875}, "modality_2": {"mean": 603.4297485351562, "std": 1254.21826171875}, "modality_3": {"mean": 109.32121276855469, "std": 246.8101043701172}}, "patient_17": {"modality_0": {"mean": 175.5350799560547, "std": 403.4498291015625}, "modality_1": {"mean": 288.39495849609375, "std": 656.4413452148438}, "modality_2": {"mean": 339.34271240234375, "std": 777.006103515625}, "modality_3": {"mean": 94.9791259765625, "std": 231.10873413085938}}, "patient_18": {"modality_0": {"mean": 168.71409606933594, "std": 382.7110595703125}, "modality_1": {"mean": 446.7237243652344, "std": 985.9456787109375}, "modality_2": {"mean": 595.734375, "std": 1321.0732421875}, "modality_3": {"mean": 85.64659118652344, "std": 205.0840301513672}}, "patient_19": {"modality_0": {"mean": 181.3523712158203, "std": 466.2467956542969}, "modality_1": {"mean": 110.82398223876953, "std": 263.3905029296875}, "modality_2": {"mean": 292.115234375, "std": 743.650634765625}, "modality_3": {"mean": 105.15303039550781, "std": 276.28204345703125}}, "patient_20": {"modality_0": {"mean": 242.57554626464844, "std": 536.7490844726562}, "modality_1": {"mean": 196.04385375976562, "std": 407.11962890625}, "modality_2": {"mean": 556.32861328125, "std": 1200.655029296875}, "modality_3": {"mean": 159.22299194335938, "std": 384.0000305175781}}, "patient_21": {"modality_0": {"mean": 229.8784942626953, "std": 511.9957275390625}, "modality_1": {"mean": 165.0272674560547, "std": 366.0210876464844}, "modality_2": {"mean": 408.7019958496094, "std": 939.3273315429688}, "modality_3": {"mean": 107.73910522460938, "std": 250.2584686279297}}, "patient_22": {"modality_0": {"mean": 174.5833740234375, "std": 404.97088623046875}, "modality_1": {"mean": 149.02532958984375, "std": 328.34033203125}, "modality_2": {"mean": 383.1081848144531, "std": 880.1983642578125}, "modality_3": {"mean": 109.4502182006836, "std": 277.2945251464844}}, "patient_23": {"modality_0": {"mean": 191.64645385742188, "std": 464.70947265625}, "modality_1": {"mean": 143.58302307128906, "std": 336.9825744628906}, "modality_2": {"mean": 419.4429931640625, "std": 1023.9227905273438}, "modality_3": {"mean": 104.19489288330078, "std": 270.4736328125}}, "patient_24": {"modality_0": {"mean": 157.01283264160156, "std": 393.46771240234375}, "modality_1": {"mean": 454.33624267578125, "std": 1113.39013671875}, "modality_2": {"mean": 596.8001098632812, "std": 1461.725341796875}, "modality_3": {"mean": 62.669769287109375, "std": 159.85733032226562}}}